from,to,edge,core,mechanism,cites,cites_empirical,cite_weight,edge_betweenness,detail,type,title,color,value
computers,detect gerrymandering,"increases, imperfectly",TRUE,"Altman and McDonald (2010) argue that simulations cannot adequately detect gerrymanders. Wang proposes three tests to detect the effects and intents of gerrymanders. Altman and McDonald (2011) provide an open source program for redistricting analysis. Ramachandran & Gold argue that simulation-based measures (part of ""outlier analysis"") are some of the only ways to effectively detect gerrymanders.",Altman & McDonald 2010; Wang 2016; Altman & McDonald 2011; Ramachandran & Gold 2018,Wang 2016,4,2,"increases, imperfectly<br>Altman and McDonald (2010) argue that simulations cannot adequately detect gerrymanders. Wang proposes three tests to detect the effects and intents of gerrymanders. Altman and McDonald (2011) provide an open source program for redistricting analysis. Ramachandran & Gold argue that simulation-based measures (part of ""outlier analysis"") are some of the only ways to effectively detect gerrymanders.<br>Altman & McDonald 2010; Wang 2016; Altman & McDonald 2011; Ramachandran & Gold 2018","increases, imperfectly","<p>increases, imperfectly<br>Altman and McDonald (2010) argue that simulations cannot adequately detect gerrymanders. Wang proposes three tests to detect the effects and intents of gerrymanders. Altman and McDonald (2011) provide an open source program for redistricting analysis. Ramachandran & Gold argue that simulation-based measures (part of ""outlier analysis"") are some of the only ways to effectively detect gerrymanders.<br>Altman & McDonald 2010; Wang 2016; Altman & McDonald 2011; Ramachandran & Gold 2018</p>",#81a275,4
computers,public participation,increases,TRUE,Altman & McDonald argue that computers can be used to allow the public to participate in the map-drawing process by soliciting information and education about redistricting.,Altman & McDonald 2010; Altman & McDonald 2011,NA,2,1,increases<br>Altman & McDonald argue that computers can be used to allow the public to participate in the map-drawing process by soliciting information and education about redistricting.<br>Altman & McDonald 2010; Altman & McDonald 2011,increases,<p>increases<br>Altman & McDonald argue that computers can be used to allow the public to participate in the map-drawing process by soliciting information and education about redistricting.<br>Altman & McDonald 2010; Altman & McDonald 2011</p>,#81a275,2
legislator information about district,floor votes align with district preferences,increases,TRUE,NA,"Butler, D and Nickerson, D 2011; Broockman and Skovron 2018; and Hertel-Fernandez et al. 2018",NA,3,1,"increases<br><br>Butler, D and Nickerson, D 2011; Broockman and Skovron 2018; and Hertel-Fernandez et al. 2018",increases,"<p>increases<br><br>Butler, D and Nickerson, D 2011; Broockman and Skovron 2018; and Hertel-Fernandez et al. 2018</p>",#81a275,3
number of competitive districts,preserve communities of interest,"decreases if cor(party, community)>0",TRUE,"If racial groups or like municipal jurisdictions have partisan leanings, then creating more competitive districts often means splitting communities across districts.",Gimpel & Harbridge-Yong 2020,Gimpel & Harbridge-Yong 2020,1,110,"decreases if cor(party, community)>0<br>If racial groups or like municipal jurisdictions have partisan leanings, then creating more competitive districts often means splitting communities across districts.<br>Gimpel & Harbridge-Yong 2020","decreases if cor(party, community)>0","<p>decreases if cor(party, community)>0<br>If racial groups or like municipal jurisdictions have partisan leanings, then creating more competitive districts often means splitting communities across districts.<br>Gimpel & Harbridge-Yong 2020</p>",#b14552,1
partisan advantage,proportionality,decreases,TRUE,A partisan gerrymander aims to diverge from proportionality.,Caughey et al. 2017; Tamas 2019,NA,2,21,decreases<br>A partisan gerrymander aims to diverge from proportionality.<br>Caughey et al. 2017; Tamas 2019,decreases,<p>decreases<br>A partisan gerrymander aims to diverge from proportionality.<br>Caughey et al. 2017; Tamas 2019</p>,#b14552,2
partisan advantage,number of competitive districts,decreases? or increases? open question?,TRUE,"A partisan gerrymander aims to decrease the number of competitive district, but some research suggests that partisan gerrymanders have a neutral or positive effect on competition.",NA,NA,5,30,"decreases? or increases? open question?<br>A partisan gerrymander aims to decrease the number of competitive district, but some research suggests that partisan gerrymanders have a neutral or positive effect on competition.<br>",decreases? or increases? open question?,"<p>decreases? or increases? open question?<br>A partisan gerrymander aims to decrease the number of competitive district, but some research suggests that partisan gerrymanders have a neutral or positive effect on competition.<br></p>",#b14552,5
partisan gerrymandering,efficiency gap,increases,TRUE,"Chen conducts simulations of neutrally drawn districts in Wisconsin and compares the efficiency gap of simulations to that of the actual redistricting plan, in order to show that the map was designed to give an advantage to one party.",Chen 2017,Chen 2017,1,18,"increases<br>Chen conducts simulations of neutrally drawn districts in Wisconsin and compares the efficiency gap of simulations to that of the actual redistricting plan, in order to show that the map was designed to give an advantage to one party.<br>Chen 2017",increases,"<p>increases<br>Chen conducts simulations of neutrally drawn districts in Wisconsin and compares the efficiency gap of simulations to that of the actual redistricting plan, in order to show that the map was designed to give an advantage to one party.<br>Chen 2017</p>",#81a275,1
preserve communities of interest,constitutional test,NA,TRUE,"Stephanopoulos argues that the Supreme Court ought to adopt a test of political gerrymandering based on the ""territorial community."" In short, if a district map disrupts an organic geographic community, it is unconstitutional.",Stephanopoulos 2012,NA,1,8,"<br>Stephanopoulos argues that the Supreme Court ought to adopt a test of political gerrymandering based on the ""territorial community."" In short, if a district map disrupts an organic geographic community, it is unconstitutional.<br>Stephanopoulos 2012",NA,"<p><br>Stephanopoulos argues that the Supreme Court ought to adopt a test of political gerrymandering based on the ""territorial community."" In short, if a district map disrupts an organic geographic community, it is unconstitutional.<br>Stephanopoulos 2012</p>",NA,1
mean-median vote comparison,detect gerrymandering,NA,TRUE,McDonald & Best propose a new measure of detecting gerrymanders; compare a party's median vote share in a district to its mean vote share. Wang proposes a similar measure of gerrymandering based on comparing mean and median vote shares.,McDonald & Best 2015; Wang 2016; Wang 2016b,Wang 2016b,3,2,<br>McDonald & Best propose a new measure of detecting gerrymanders; compare a party's median vote share in a district to its mean vote share. Wang proposes a similar measure of gerrymandering based on comparing mean and median vote shares.<br>McDonald & Best 2015; Wang 2016; Wang 2016b,NA,<p><br>McDonald & Best propose a new measure of detecting gerrymanders; compare a party's median vote share in a district to its mean vote share. Wang proposes a similar measure of gerrymandering based on comparing mean and median vote shares.<br>McDonald & Best 2015; Wang 2016; Wang 2016b</p>,NA,3
mean-median vote comparison,constitutional test,NA,TRUE,McDonald & Best argue that their measure of gerryamndering can be extended to identify which gerrymanders are unconstitutional,"McDonald & Best 2015, Best et al. 2018",NA,1,1,"<br>McDonald & Best argue that their measure of gerryamndering can be extended to identify which gerrymanders are unconstitutional<br>McDonald & Best 2015, Best et al. 2018",NA,"<p><br>McDonald & Best argue that their measure of gerryamndering can be extended to identify which gerrymanders are unconstitutional<br>McDonald & Best 2015, Best et al. 2018</p>",NA,1
partisan gerrymandering,constitutional test,NA,TRUE,Kang argues that it is unconstitutional for the government to take partisanship into account when determining district lines,Kang 2017,NA,1,1,<br>Kang argues that it is unconstitutional for the government to take partisanship into account when determining district lines<br>Kang 2017,NA,<p><br>Kang argues that it is unconstitutional for the government to take partisanship into account when determining district lines<br>Kang 2017</p>,NA,1
partisan gerrymandering,instability,increases,TRUE,"Partisan mapmakers can create political instability, particularly for their opponent legislators, by breaking the link between representatives and constituents",Yoshinaka & Murhpy 2011,Yoshinaka & Murhpy 2011,1,9,"increases<br>Partisan mapmakers can create political instability, particularly for their opponent legislators, by breaking the link between representatives and constituents<br>Yoshinaka & Murhpy 2011",increases,"<p>increases<br>Partisan mapmakers can create political instability, particularly for their opponent legislators, by breaking the link between representatives and constituents<br>Yoshinaka & Murhpy 2011</p>",#81a275,1
partisan gerrymandering,elite polarization,no effect,TRUE,"Masket et al. find that partisan redistricting do not have much effect on legislative polarization, as it is swamped by other factors",Masket et al. 2012,Masket et al. 2012,1,2,"no effect<br>Masket et al. find that partisan redistricting do not have much effect on legislative polarization, as it is swamped by other factors<br>Masket et al. 2012",no effect,"<p>no effect<br>Masket et al. find that partisan redistricting do not have much effect on legislative polarization, as it is swamped by other factors<br>Masket et al. 2012</p>",#617d9f,1
majority minority districts,number of minority representatives,increases,TRUE,"Where minorities are a majority, they are have a better chance of electing a representative; Atsusaka 2021 creates a logical model that allows minority candidate appearance to be a result of (1) the electoral performance of coethnic candidates in the most recent elections and (2) the racial composition of a district.",Atsusaka 2021,Atsusaka 2021,1,1,"increases<br>Where minorities are a majority, they are have a better chance of electing a representative; Atsusaka 2021 creates a logical model that allows minority candidate appearance to be a result of (1) the electoral performance of coethnic candidates in the most recent elections and (2) the racial composition of a district.<br>Atsusaka 2021",increases,"<p>increases<br>Where minorities are a majority, they are have a better chance of electing a representative; Atsusaka 2021 creates a logical model that allows minority candidate appearance to be a result of (1) the electoral performance of coethnic candidates in the most recent elections and (2) the racial composition of a district.<br>Atsusaka 2021</p>",#81a275,1
majority minority districts,number of competitive districts,"decreases if cor(party, community)>0",TRUE,NA,NA,NA,2,13.5,"decreases if cor(party, community)>0<br><br>","decreases if cor(party, community)>0","<p>decreases if cor(party, community)>0<br><br></p>",#b14552,2
majority minority districts,partisan advantage,decreases,TRUE,"Cox and Holden argue that the optimal gerrymandering strategy is to cluster your strong partisan supporters into districts with a smaller number of strong partisan opponents. Thus, the Voting Rights Act's majority-minority districts limit Republicans' ability to effectively gerrymander. Sabouni and Shelton find that states that must submit their maps for clearance under the VRA had greater consistency in maps before and after the 2010 redistricting wave.",Cox & Holden 2011; Sabouni & Shelton 2021,Sabouni & Shelton 2021,2,10.5,"decreases<br>Cox and Holden argue that the optimal gerrymandering strategy is to cluster your strong partisan supporters into districts with a smaller number of strong partisan opponents. Thus, the Voting Rights Act's majority-minority districts limit Republicans' ability to effectively gerrymander. Sabouni and Shelton find that states that must submit their maps for clearance under the VRA had greater consistency in maps before and after the 2010 redistricting wave.<br>Cox & Holden 2011; Sabouni & Shelton 2021",decreases,"<p>decreases<br>Cox and Holden argue that the optimal gerrymandering strategy is to cluster your strong partisan supporters into districts with a smaller number of strong partisan opponents. Thus, the Voting Rights Act's majority-minority districts limit Republicans' ability to effectively gerrymander. Sabouni and Shelton find that states that must submit their maps for clearance under the VRA had greater consistency in maps before and after the 2010 redistricting wave.<br>Cox & Holden 2011; Sabouni & Shelton 2021</p>",#b14552,2
majority minority districts,voter turnout,increases,TRUE,"African Americans are more likely to vote when reassigned to a majority black district. Fraga relies on a theoretical ""empowerment framework,"" in which members of minority groups are more likely to participate when their group has representation and influence in politics.",Fraga 2016,Fraga 2016,1,1,"increases<br>African Americans are more likely to vote when reassigned to a majority black district. Fraga relies on a theoretical ""empowerment framework,"" in which members of minority groups are more likely to participate when their group has representation and influence in politics.<br>Fraga 2016",increases,"<p>increases<br>African Americans are more likely to vote when reassigned to a majority black district. Fraga relies on a theoretical ""empowerment framework,"" in which members of minority groups are more likely to participate when their group has representation and influence in politics.<br>Fraga 2016</p>",#81a275,1
redistricting commission,partisan advantage,decrease,TRUE,Cain argues that independent citizen redistricting commissions are less likely to produce extremely partisan maps because they need to satisfy a supermajority by compromising on various redistricting criteria.,Cain 2011,NA,1,23,decrease<br>Cain argues that independent citizen redistricting commissions are less likely to produce extremely partisan maps because they need to satisfy a supermajority by compromising on various redistricting criteria.<br>Cain 2011,decrease,<p>decrease<br>Cain argues that independent citizen redistricting commissions are less likely to produce extremely partisan maps because they need to satisfy a supermajority by compromising on various redistricting criteria.<br>Cain 2011</p>,#b14552,1
partisan gerrymandering,partisan donor advantage,increases,NA,"Parties care about other resources in addition to votes, such as donations. They can use redistricting to concentrate likely donors into their districts and remove them from opponents' districts, thus increasing their odds of reelection.",Kirkland 2013,Kirkland 2013,1,9,"increases<br>Parties care about other resources in addition to votes, such as donations. They can use redistricting to concentrate likely donors into their districts and remove them from opponents' districts, thus increasing their odds of reelection.<br>Kirkland 2013",increases,"<p>increases<br>Parties care about other resources in addition to votes, such as donations. They can use redistricting to concentrate likely donors into their districts and remove them from opponents' districts, thus increasing their odds of reelection.<br>Kirkland 2013</p>",#81a275,1
change in constituency boundaries,legislator voting,"no effect, affects",NA,"Bertelli and Carson argue that partisan gerrymandering is a form of risk-sharing, in which individual members do not have to radically change their positions while maintaining their odds of reelection. In contrast, Hayes et al. say that legislators respond to the demographic changes of their constituency after redistricting.","Bertelli & Carson 2011, Hayes et al. 2010","Bertelli & Carson 2011, Hayes et al. 2010",1,1,"no effect, affects<br>Bertelli and Carson argue that partisan gerrymandering is a form of risk-sharing, in which individual members do not have to radically change their positions while maintaining their odds of reelection. In contrast, Hayes et al. say that legislators respond to the demographic changes of their constituency after redistricting.<br>Bertelli & Carson 2011, Hayes et al. 2010","no effect, affects","<p>no effect, affects<br>Bertelli and Carson argue that partisan gerrymandering is a form of risk-sharing, in which individual members do not have to radically change their positions while maintaining their odds of reelection. In contrast, Hayes et al. say that legislators respond to the demographic changes of their constituency after redistricting.<br>Bertelli & Carson 2011, Hayes et al. 2010</p>",#617d9f,1
change in constituency boundaries,legislative outcomes,affects,NA,Bertelli & Carson: Partisan gerrymandering helps the majority party achieve its policy goals by increasing the odds of electoral success without requiring much sacrifice by individual members. Gul & Pesendorfer: use formal theory to show that policy outcomes are biased towards the redistricting party,"Bertelli & Carson 2011, Gul & Pesendorfer 2010",Bertelli & Carson 2011,1,1,"affects<br>Bertelli & Carson: Partisan gerrymandering helps the majority party achieve its policy goals by increasing the odds of electoral success without requiring much sacrifice by individual members. Gul & Pesendorfer: use formal theory to show that policy outcomes are biased towards the redistricting party<br>Bertelli & Carson 2011, Gul & Pesendorfer 2010",affects,"<p>affects<br>Bertelli & Carson: Partisan gerrymandering helps the majority party achieve its policy goals by increasing the odds of electoral success without requiring much sacrifice by individual members. Gul & Pesendorfer: use formal theory to show that policy outcomes are biased towards the redistricting party<br>Bertelli & Carson 2011, Gul & Pesendorfer 2010</p>",#617d9f,1
competitiveness,voter turnout,no effect,NA,"Moskowitz & Schneer 2019: Residents of competitive districts systematically differ from those in non-competitive districts, leading cross-sectional studies to erroneously find a relationship between competitiveness and turnout. In addition, most voters aren't aware of the competitiveness of their House race. Hunt 2018: examines data from Florida during 2012 election and finds that change in competitiveness after redistricting has a small effect on turnout",Moskowitz & Schneer 2019; Hunt 2018,Moskowitz & Schneer 2019; Hunt 2018,2,3,"no effect<br>Moskowitz & Schneer 2019: Residents of competitive districts systematically differ from those in non-competitive districts, leading cross-sectional studies to erroneously find a relationship between competitiveness and turnout. In addition, most voters aren't aware of the competitiveness of their House race. Hunt 2018: examines data from Florida during 2012 election and finds that change in competitiveness after redistricting has a small effect on turnout<br>Moskowitz & Schneer 2019; Hunt 2018",no effect,"<p>no effect<br>Moskowitz & Schneer 2019: Residents of competitive districts systematically differ from those in non-competitive districts, leading cross-sectional studies to erroneously find a relationship between competitiveness and turnout. In addition, most voters aren't aware of the competitiveness of their House race. Hunt 2018: examines data from Florida during 2012 election and finds that change in competitiveness after redistricting has a small effect on turnout<br>Moskowitz & Schneer 2019; Hunt 2018</p>",#617d9f,2
sorting,elite polarization,increases,NA,"Krasa & Polborn 2018: electoral competition model where gerrymandering (""intensification of the median ideological preferences in some districts"") can result in increased partisan polarization",Krasa & Polborn 2018,Krasa & Polborn 2018,1,1,"increases<br>Krasa & Polborn 2018: electoral competition model where gerrymandering (""intensification of the median ideological preferences in some districts"") can result in increased partisan polarization<br>Krasa & Polborn 2018",increases,"<p>increases<br>Krasa & Polborn 2018: electoral competition model where gerrymandering (""intensification of the median ideological preferences in some districts"") can result in increased partisan polarization<br>Krasa & Polborn 2018</p>",#81a275,1
contiguity,partisan advantage,increases,NA,"Democrats' concentration in cities leads to a Republican bias, due to the geographic, majoritarian nature of U.S. elections.",Chen & Rodden 2013,Chen & Rodden 2013,1,24,"increases<br>Democrats' concentration in cities leads to a Republican bias, due to the geographic, majoritarian nature of U.S. elections.<br>Chen & Rodden 2013",increases,"<p>increases<br>Democrats' concentration in cities leads to a Republican bias, due to the geographic, majoritarian nature of U.S. elections.<br>Chen & Rodden 2013</p>",#81a275,1
electorate composition change,incumbent vote share,decreases,NA,"Hood and McKee find that redistricting destroys the connection between a representative and their constituents; the new constituents have no such bond, so incumbency advantage is lower. Ansolabehere and Snyder find similar results when comparing the vote margins of districted and non-districted incumbents.",Hood & McKee 2013; Ansolabehere & Snyder 2012,Hood & McKee 2013; Ansolabehere & Snyder 2012,2,2,"decreases<br>Hood and McKee find that redistricting destroys the connection between a representative and their constituents; the new constituents have no such bond, so incumbency advantage is lower. Ansolabehere and Snyder find similar results when comparing the vote margins of districted and non-districted incumbents.<br>Hood & McKee 2013; Ansolabehere & Snyder 2012",decreases,"<p>decreases<br>Hood and McKee find that redistricting destroys the connection between a representative and their constituents; the new constituents have no such bond, so incumbency advantage is lower. Ansolabehere and Snyder find similar results when comparing the vote margins of districted and non-districted incumbents.<br>Hood & McKee 2013; Ansolabehere & Snyder 2012</p>",#b14552,2
electorate composition change,personal vote,decreases,NA,"When a legislator's district changes, the personal connection with some of their constituents is lost. Thus, legislators are less able to convert supporters of the opposite party, as they have no connections with their new constituents.","Carsey et al. 2017, Bertelli & Carson 2011",Carsey et al. 2017,1,2,"decreases<br>When a legislator's district changes, the personal connection with some of their constituents is lost. Thus, legislators are less able to convert supporters of the opposite party, as they have no connections with their new constituents.<br>Carsey et al. 2017, Bertelli & Carson 2011",decreases,"<p>decreases<br>When a legislator's district changes, the personal connection with some of their constituents is lost. Thus, legislators are less able to convert supporters of the opposite party, as they have no connections with their new constituents.<br>Carsey et al. 2017, Bertelli & Carson 2011</p>",#b14552,1
House-Senate Delegation alignment,pork spending,decreases,NA,NA,Chen 2010,NA,1,13,decreases<br><br>Chen 2010,decreases,<p>decreases<br><br>Chen 2010</p>,#b14552,1
incumbent's constituents change,number of competitive districts,increases (but only meaningfully for already fairly competitive districts),NA,NA,NA,NA,1,24,increases (but only meaningfully for already fairly competitive districts)<br><br>,increases (but only meaningfully for already fairly competitive districts),<p>increases (but only meaningfully for already fairly competitive districts)<br><br></p>,#81a275,1
stability in voters' fellow constituents,voter sense of place,increases heterogeneously by race,NA,NA,Hayes & McKee 2011,Hayes & McKee 2011,1,10,increases heterogeneously by race<br><br>Hayes & McKee 2011,increases heterogeneously by race,<p>increases heterogeneously by race<br><br>Hayes & McKee 2011</p>,#81a275,1
voter information about their district,rolloff,decreases,NA,NA,Winburn & Wagner 2010,Winburn & Wagner 2010,1,1,decreases<br><br>Winburn & Wagner 2010,decreases,<p>decreases<br><br>Winburn & Wagner 2010</p>,#b14552,1
voter information about their district,turnout,decreases,NA,NA,Winburn & Wagner 2010,Winburn & Wagner 2010,1,10,decreases<br><br>Winburn & Wagner 2010,decreases,<p>decreases<br><br>Winburn & Wagner 2010</p>,#b14552,1
voter information about their district,split ticket voting,increases,NA,NA,Winburn & Wagner 2010,Winburn & Wagner 2010,1,10,increases<br><br>Winburn & Wagner 2010,increases,<p>increases<br><br>Winburn & Wagner 2010</p>,#81a275,1
electorate composition change,campaign resource allocation,no effect,NA,"Candidates have their own campaign style, so their resource allocation decisions do not change even when the electoral circumstances change.",Limbocker & You 2020,Limbocker & You 2020,1,2,"no effect<br>Candidates have their own campaign style, so their resource allocation decisions do not change even when the electoral circumstances change.<br>Limbocker & You 2020",no effect,"<p>no effect<br>Candidates have their own campaign style, so their resource allocation decisions do not change even when the electoral circumstances change.<br>Limbocker & You 2020</p>",#617d9f,1
geographic partisan distribution,partisan advantage,affects,NA,"Chen & Rodden 2013: Democrats are geographically clustered which is electorally disadvantageous; they run up the score in large cities which leads to a discrepency between total vote share and seat share. Duchin et al. 2019: Republicans in Massachusetts are evenly distributed across the state, so they can get 30-40% of the statewide vote, but never win a single House seat. Powell et al. 2020: Also find that geographic clustering plays a role in the discrepency between total vote share and seat distribution in the House.",Chen & Rodden 2013; Duchin et al. 2019; Powell et al. 2020,Chen & Rodden 2013; Duchin et al. 2019; Powell et al. 2020,3,24,"affects<br>Chen & Rodden 2013: Democrats are geographically clustered which is electorally disadvantageous; they run up the score in large cities which leads to a discrepency between total vote share and seat share. Duchin et al. 2019: Republicans in Massachusetts are evenly distributed across the state, so they can get 30-40% of the statewide vote, but never win a single House seat. Powell et al. 2020: Also find that geographic clustering plays a role in the discrepency between total vote share and seat distribution in the House.<br>Chen & Rodden 2013; Duchin et al. 2019; Powell et al. 2020",affects,"<p>affects<br>Chen & Rodden 2013: Democrats are geographically clustered which is electorally disadvantageous; they run up the score in large cities which leads to a discrepency between total vote share and seat share. Duchin et al. 2019: Republicans in Massachusetts are evenly distributed across the state, so they can get 30-40% of the statewide vote, but never win a single House seat. Powell et al. 2020: Also find that geographic clustering plays a role in the discrepency between total vote share and seat distribution in the House.<br>Chen & Rodden 2013; Duchin et al. 2019; Powell et al. 2020</p>",#617d9f,3
preserve communities of interest,stability in voters' fellow constituents,increases,NA,NA,Winburn & Wagner 2010,NA,1,18,increases<br><br>Winburn & Wagner 2010,increases,<p>increases<br><br>Winburn & Wagner 2010</p>,#81a275,1
preserve communities of interest,voter information about their district,increases,NA,NA,Winburn & Wagner 2010,NA,1,27,increases<br><br>Winburn & Wagner 2010,increases,<p>increases<br><br>Winburn & Wagner 2010</p>,#81a275,1
preserve communities of interest,rolloff,decreases heterogeneously by race,NA,NA,Hayes & McKee 2011; Winburn & Wagner 2010,Hayes & McKee 2011,2,9,decreases heterogeneously by race<br><br>Hayes & McKee 2011; Winburn & Wagner 2010,decreases heterogeneously by race,<p>decreases heterogeneously by race<br><br>Hayes & McKee 2011; Winburn & Wagner 2010</p>,#b14552,2
number of competitive districts,elite polarization,decreases,NA,Safe partisan seats tend to increase partisan polarization.,Grainger 2010,Grainger 2010,1,2.5,decreases<br>Safe partisan seats tend to increase partisan polarization.<br>Grainger 2010,decreases,<p>decreases<br>Safe partisan seats tend to increase partisan polarization.<br>Grainger 2010</p>,#b14552,1
partisan advantage,floor votes align with district preferences,decreases,NA,TODO,Caughey et al. 2017,NA,1,9,decreases<br>TODO<br>Caughey et al. 2017,decreases,<p>decreases<br>TODO<br>Caughey et al. 2017</p>,#b14552,1
partisan advantage,floor votes align with state preferences,decreases,NA,TODO,Caughey et al. 2017,NA,1,9,decreases<br>TODO<br>Caughey et al. 2017,decreases,<p>decreases<br>TODO<br>Caughey et al. 2017</p>,#b14552,1
partisan advantage,partisan advantage,NA,NA,Measures of partisan symmetry/bias/advantage,"Arrington 2016; Campisi et al. 2019; Katz, King & Rosenblatt 2020",NA,3,0,"<br>Measures of partisan symmetry/bias/advantage<br>Arrington 2016; Campisi et al. 2019; Katz, King & Rosenblatt 2020",NA,"<p><br>Measures of partisan symmetry/bias/advantage<br>Arrington 2016; Campisi et al. 2019; Katz, King & Rosenblatt 2020</p>",NA,3
partisan advantage,legislator voting,no effect,NA,Legislators do not change their ideological positions after redistricting (though The Electoral Connection suggests they should),Lo 2013,Lo 2013,1,9,no effect<br>Legislators do not change their ideological positions after redistricting (though The Electoral Connection suggests they should)<br>Lo 2013,no effect,<p>no effect<br>Legislators do not change their ideological positions after redistricting (though The Electoral Connection suggests they should)<br>Lo 2013</p>,#617d9f,1
partisan advantage,elite polarization,no effect,NA,"Because vulnerable legislators do not moderate their positions, Lo assumes that safe legislators do not become more extreme",Lo 2013,NA,1,4.5,"no effect<br>Because vulnerable legislators do not moderate their positions, Lo assumes that safe legislators do not become more extreme<br>Lo 2013",no effect,"<p>no effect<br>Because vulnerable legislators do not moderate their positions, Lo assumes that safe legislators do not become more extreme<br>Lo 2013</p>",#617d9f,1
partisan advantage,efficiency gap,no effect,NA,"Gerrymandering does not affect the electoral results in most states, and in the states where it does have an effect, the effect is small. Republicans are expected to net only one additional seat in Congress due to gerrymandering.",Chen & Cottrell 2016,Chen & Cottrell 2016,1,15,"no effect<br>Gerrymandering does not affect the electoral results in most states, and in the states where it does have an effect, the effect is small. Republicans are expected to net only one additional seat in Congress due to gerrymandering.<br>Chen & Cottrell 2016",no effect,"<p>no effect<br>Gerrymandering does not affect the electoral results in most states, and in the states where it does have an effect, the effect is small. Republicans are expected to net only one additional seat in Congress due to gerrymandering.<br>Chen & Cottrell 2016</p>",#617d9f,1
partisan advantage,number of competitive districts,increases,NA,"Large changes in the national partisan tide causes garrymanders to backfire on the map-drawing party (an effect known as the ""dummymander""), as their members face unexpectedly competitive elections.",Goedert 2017; Goedert 2014,"Goedert 2017, Yoshinaka & Murhpy 2011; Goedert 2014",2,30,"increases<br>Large changes in the national partisan tide causes garrymanders to backfire on the map-drawing party (an effect known as the ""dummymander""), as their members face unexpectedly competitive elections.<br>Goedert 2017; Goedert 2014",increases,"<p>increases<br>Large changes in the national partisan tide causes garrymanders to backfire on the map-drawing party (an effect known as the ""dummymander""), as their members face unexpectedly competitive elections.<br>Goedert 2017; Goedert 2014</p>",#81a275,2
proportionality,House-Senate Delegation alignment,increases,NA,NA,Chen 2010,NA,1,24,increases<br><br>Chen 2010,increases,<p>increases<br><br>Chen 2010</p>,#81a275,1
compactness,minority representation,decreases,NA,"Webster 2013: citing earlier research, Webster posits that compactness hinders a map drawer's ability to create districts for historically underrepresented groups.",Webster 2013,NA,1,1,"decreases<br>Webster 2013: citing earlier research, Webster posits that compactness hinders a map drawer's ability to create districts for historically underrepresented groups.<br>Webster 2013",decreases,"<p>decreases<br>Webster 2013: citing earlier research, Webster posits that compactness hinders a map drawer's ability to create districts for historically underrepresented groups.<br>Webster 2013</p>",#b14552,1
compactness,compactness,NA,NA,"Barnes & Solomon 2020: measuring compactness can have associated flexibility that can be abused (geography, topography, cartographic projections, and resolution); Gatesman & Unwin 2021: lattice models for accounting gerrymandered, equal-pop, connected districts; Magleby & Mosesson 2018: graph partition algorithm for drawing districts based on compactness and equal population metrics.De Assis et al. 2014: Greedy randomized adaptive search procedure can balance multiple criteria, including compactness. Altman & McDonald 2011: produce an open source package that allows users to adjust weights of redistricting criteria, including redistricting. Liu et al.; propose a method of parallel evolutionary computation to solve the optimization problem of redistricting. Chen & Rodden; simulation-based method also takes compactness into account to draw district maps and identify gerrymanders. Tam Cho & Liu; use compactness in their redistricting algorithm. Saxon 2020: software for applying compactness/contiguity/equipopulation objectives to evaluate maps -- specific focus on different definitions of compactness.","Barnes & Solomon 2020; Gatesman & Unwin 2021; Magleby & Mosesson 2018; De Assis et al. 2014; Altman & McDonald 2011; Lie et al. 2016, Chen & Rodden 2015, Tam Cho & Liu 2016, Saxon 2020","Barnes & Solomon 2020; Magleby & Mosesson 2018; De Assis et al. 2014; Chen & Rodden 2015, Tam Cho & Liu 2016, Saxon 2020",6,0,"<br>Barnes & Solomon 2020: measuring compactness can have associated flexibility that can be abused (geography, topography, cartographic projections, and resolution); Gatesman & Unwin 2021: lattice models for accounting gerrymandered, equal-pop, connected districts; Magleby & Mosesson 2018: graph partition algorithm for drawing districts based on compactness and equal population metrics.De Assis et al. 2014: Greedy randomized adaptive search procedure can balance multiple criteria, including compactness. Altman & McDonald 2011: produce an open source package that allows users to adjust weights of redistricting criteria, including redistricting. Liu et al.; propose a method of parallel evolutionary computation to solve the optimization problem of redistricting. Chen & Rodden; simulation-based method also takes compactness into account to draw district maps and identify gerrymanders. Tam Cho & Liu; use compactness in their redistricting algorithm. Saxon 2020: software for applying compactness/contiguity/equipopulation objectives to evaluate maps -- specific focus on different definitions of compactness.<br>Barnes & Solomon 2020; Gatesman & Unwin 2021; Magleby & Mosesson 2018; De Assis et al. 2014; Altman & McDonald 2011; Lie et al. 2016, Chen & Rodden 2015, Tam Cho & Liu 2016, Saxon 2020",NA,"<p><br>Barnes & Solomon 2020: measuring compactness can have associated flexibility that can be abused (geography, topography, cartographic projections, and resolution); Gatesman & Unwin 2021: lattice models for accounting gerrymandered, equal-pop, connected districts; Magleby & Mosesson 2018: graph partition algorithm for drawing districts based on compactness and equal population metrics.De Assis et al. 2014: Greedy randomized adaptive search procedure can balance multiple criteria, including compactness. Altman & McDonald 2011: produce an open source package that allows users to adjust weights of redistricting criteria, including redistricting. Liu et al.; propose a method of parallel evolutionary computation to solve the optimization problem of redistricting. Chen & Rodden; simulation-based method also takes compactness into account to draw district maps and identify gerrymanders. Tam Cho & Liu; use compactness in their redistricting algorithm. Saxon 2020: software for applying compactness/contiguity/equipopulation objectives to evaluate maps -- specific focus on different definitions of compactness.<br>Barnes & Solomon 2020; Gatesman & Unwin 2021; Magleby & Mosesson 2018; De Assis et al. 2014; Altman & McDonald 2011; Lie et al. 2016, Chen & Rodden 2015, Tam Cho & Liu 2016, Saxon 2020</p>",NA,6
efficiency gap,efficiency gap,NA,NA,"Stephanopoulos and McGhee propose a measure of partisan symmetry to be adopted by the courts, in order to limit partisan influence over redistricting; McGhee distinguishes efficiency from related concepts of symmetry and responsiveness","Stephanopoulos & McGhee 2015, McGhee 2014",McGhee 2014,1,0,"<br>Stephanopoulos and McGhee propose a measure of partisan symmetry to be adopted by the courts, in order to limit partisan influence over redistricting; McGhee distinguishes efficiency from related concepts of symmetry and responsiveness<br>Stephanopoulos & McGhee 2015, McGhee 2014",NA,"<p><br>Stephanopoulos and McGhee propose a measure of partisan symmetry to be adopted by the courts, in order to limit partisan influence over redistricting; McGhee distinguishes efficiency from related concepts of symmetry and responsiveness<br>Stephanopoulos & McGhee 2015, McGhee 2014</p>",NA,1
equal population,equal population,NA,NA,"Gatesman & Unwin 2021: lattice models for accounting gerrymandered, equal-pop, connected districts; Magleby & Mosesson 2018: graph partition algorithm for drawing districts based on compactness and equal population metrics. Altman & McDonald 2011: produce an open source package that allows users to adjust weights of redistricting criteria, including equality of population",Gatesman & Unwin 2021; Magleby & Mosesson 2018,Magleby & Mosesson 2018,2,0,"<br>Gatesman & Unwin 2021: lattice models for accounting gerrymandered, equal-pop, connected districts; Magleby & Mosesson 2018: graph partition algorithm for drawing districts based on compactness and equal population metrics. Altman & McDonald 2011: produce an open source package that allows users to adjust weights of redistricting criteria, including equality of population<br>Gatesman & Unwin 2021; Magleby & Mosesson 2018",NA,"<p><br>Gatesman & Unwin 2021: lattice models for accounting gerrymandered, equal-pop, connected districts; Magleby & Mosesson 2018: graph partition algorithm for drawing districts based on compactness and equal population metrics. Altman & McDonald 2011: produce an open source package that allows users to adjust weights of redistricting criteria, including equality of population<br>Gatesman & Unwin 2021; Magleby & Mosesson 2018</p>",NA,2
redistricting commission,majority representation,no effect,NA,"Matsusaka does not discuss a mechanism for this relationship, but finds that other electoral rules, such as campaign finance regulations and ballot access rules, are also not associated with greater congruence between public opinion and legislative behavior.",Matsusaka 2010,Matsusaka 2010,1,1,"no effect<br>Matsusaka does not discuss a mechanism for this relationship, but finds that other electoral rules, such as campaign finance regulations and ballot access rules, are also not associated with greater congruence between public opinion and legislative behavior.<br>Matsusaka 2010",no effect,"<p>no effect<br>Matsusaka does not discuss a mechanism for this relationship, but finds that other electoral rules, such as campaign finance regulations and ballot access rules, are also not associated with greater congruence between public opinion and legislative behavior.<br>Matsusaka 2010</p>",#617d9f,1
redistricting commission,elite ideological moderation,increases,NA,"McGhee and Shor focus on the effect of the Top Two primary on elite moderation, but argue that the introduction of independent redistricting commissions may also lead to greater moderation by creating more competitive districts.",McGhee & Shor 2017,McGhee & Shor 2017,1,1,"increases<br>McGhee and Shor focus on the effect of the Top Two primary on elite moderation, but argue that the introduction of independent redistricting commissions may also lead to greater moderation by creating more competitive districts.<br>McGhee & Shor 2017",increases,"<p>increases<br>McGhee and Shor focus on the effect of the Top Two primary on elite moderation, but argue that the introduction of independent redistricting commissions may also lead to greater moderation by creating more competitive districts.<br>McGhee & Shor 2017</p>",#81a275,1
redistricting commission,competitiveness,"increases, no effect",NA,"Carson et al.: increased ideological polarization and the availability of redistricting computer software encourages elites to draw non-competitive districts in order to increase their odds of reelection. Masket et al.: partisan redistricting does not effect competition much and is swamped by other factors. Williamson 2019: redistricting commissions produce fewer uncontested elections, relative to partisan redistrcting.","Carson et al. 2014, Grainger 2010, Masket et al. 2012; Goedert 2014","Carson et al. 2014, Grainger 2010, Masket et al. 2012; Goedert 2014",2,2,"increases, no effect<br>Carson et al.: increased ideological polarization and the availability of redistricting computer software encourages elites to draw non-competitive districts in order to increase their odds of reelection. Masket et al.: partisan redistricting does not effect competition much and is swamped by other factors. Williamson 2019: redistricting commissions produce fewer uncontested elections, relative to partisan redistrcting.<br>Carson et al. 2014, Grainger 2010, Masket et al. 2012; Goedert 2014","increases, no effect","<p>increases, no effect<br>Carson et al.: increased ideological polarization and the availability of redistricting computer software encourages elites to draw non-competitive districts in order to increase their odds of reelection. Masket et al.: partisan redistricting does not effect competition much and is swamped by other factors. Williamson 2019: redistricting commissions produce fewer uncontested elections, relative to partisan redistrcting.<br>Carson et al. 2014, Grainger 2010, Masket et al. 2012; Goedert 2014</p>",#81a275,2
redistricting by courts,competitiveness,increases,NA,NA,Carson et al. 2014,Carson et al. 2014,1,2,increases<br><br>Carson et al. 2014,increases,<p>increases<br><br>Carson et al. 2014</p>,#81a275,1
upcoming redistricting,legislative majority-seeking behavior,increases,NA,"Parties have a greater incentive to become the majority party in the state legislature if redistricting is imminent and controlled by the legislature, as they can then determine the new district boundaries",Makse 2014,Makse 2014,1,1,"increases<br>Parties have a greater incentive to become the majority party in the state legislature if redistricting is imminent and controlled by the legislature, as they can then determine the new district boundaries<br>Makse 2014",increases,"<p>increases<br>Parties have a greater incentive to become the majority party in the state legislature if redistricting is imminent and controlled by the legislature, as they can then determine the new district boundaries<br>Makse 2014</p>",#81a275,1
partisan dislocation,partisan dislocation,NA,NA,"Deford, Eubank & Rodden 2020: new measure ""partisan dislocation"" which proxies for cracking/packing","Deford, Eubank & Rodden 2020",NA,1,0,"<br>Deford, Eubank & Rodden 2020: new measure ""partisan dislocation"" which proxies for cracking/packing<br>Deford, Eubank & Rodden 2020",NA,"<p><br>Deford, Eubank & Rodden 2020: new measure ""partisan dislocation"" which proxies for cracking/packing<br>Deford, Eubank & Rodden 2020</p>",NA,1
partisan gerrymandering,partisan advantage,increases,NA,The party in charge of the redistricting process draws maps to secure an electoral advantage.,Wang 2016; Cox & Holden 2011; Sabouni & Shelton 2021; Powell et al. 2020,Cox & Holden 2011; Sabouni & Shelton 2021; Powell et al. 2020,4,31,increases<br>The party in charge of the redistricting process draws maps to secure an electoral advantage.<br>Wang 2016; Cox & Holden 2011; Sabouni & Shelton 2021; Powell et al. 2020,increases,<p>increases<br>The party in charge of the redistricting process draws maps to secure an electoral advantage.<br>Wang 2016; Cox & Holden 2011; Sabouni & Shelton 2021; Powell et al. 2020</p>,#81a275,4
preserve communities of interest,partisan gerrymandering,decreases,NA,"Some traditional districting principles, like preserving communities of interest, can constrain partisan gerrymandering. Authors measure this by examining the degree of overlap of districts before and after the 2010 wave of redistricting.",Sabouni & Shelton 2021,Sabouni & Shelton 2021,1,63,"decreases<br>Some traditional districting principles, like preserving communities of interest, can constrain partisan gerrymandering. Authors measure this by examining the degree of overlap of districts before and after the 2010 wave of redistricting.<br>Sabouni & Shelton 2021",decreases,"<p>decreases<br>Some traditional districting principles, like preserving communities of interest, can constrain partisan gerrymandering. Authors measure this by examining the degree of overlap of districts before and after the 2010 wave of redistricting.<br>Sabouni & Shelton 2021</p>",#b14552,1
redistricting commission,candidate quality,increases,NA,"Commission-based redistricting leads to more races with quality candidates (candidates who have held office previously), because quality candidates are more confident that they can win if the map has not been subject to partisan manipulation.",Williamson 2019,Williamson 2019,1,1,"increases<br>Commission-based redistricting leads to more races with quality candidates (candidates who have held office previously), because quality candidates are more confident that they can win if the map has not been subject to partisan manipulation.<br>Williamson 2019",increases,"<p>increases<br>Commission-based redistricting leads to more races with quality candidates (candidates who have held office previously), because quality candidates are more confident that they can win if the map has not been subject to partisan manipulation.<br>Williamson 2019</p>",#81a275,1
efficiency gap,efficiency principle,fails,NA,"Veomett 2018 shows that, under unequal voter turnout, the efficiency gap does not satisfy the efficiency principle (it cannot distinguish between two outcomes, in which a party receives the same vote share but different seat shares).",Veomett 2018,NA,1,11,"fails<br>Veomett 2018 shows that, under unequal voter turnout, the efficiency gap does not satisfy the efficiency principle (it cannot distinguish between two outcomes, in which a party receives the same vote share but different seat shares).<br>Veomett 2018",fails,"<p>fails<br>Veomett 2018 shows that, under unequal voter turnout, the efficiency gap does not satisfy the efficiency principle (it cannot distinguish between two outcomes, in which a party receives the same vote share but different seat shares).<br>Veomett 2018</p>",#617d9f,1
wasted votes,efficiency gap,increases,NA,Only measures based on wasted votes can capture the concept of the efficiency gap. Symmetry-based measures fail to capture the concept.,McGhee 2017,NA,1,6,increases<br>Only measures based on wasted votes can capture the concept of the efficiency gap. Symmetry-based measures fail to capture the concept.<br>McGhee 2017,increases,<p>increases<br>Only measures based on wasted votes can capture the concept of the efficiency gap. Symmetry-based measures fail to capture the concept.<br>McGhee 2017</p>,#81a275,1
efficiency gap,ideological representation,affects,NA,"A higher efficiency gap indicates that one party gains additional seats in the legislature, which can then be used to achieve the party's policy goals.",Caughey et al. 2017b,Caughey et al. 2017b,1,11,"affects<br>A higher efficiency gap indicates that one party gains additional seats in the legislature, which can then be used to achieve the party's policy goals.<br>Caughey et al. 2017b",affects,"<p>affects<br>A higher efficiency gap indicates that one party gains additional seats in the legislature, which can then be used to achieve the party's policy goals.<br>Caughey et al. 2017b</p>",#617d9f,1
identification with governing party,support for redistricting process,increases,NA,Survey respondents who identify with the party in control of their state government are more likely to approve of their redistricting process and view it as fair.,Fougere et al. 2010,Fougere et al. 2010,1,1,increases<br>Survey respondents who identify with the party in control of their state government are more likely to approve of their redistricting process and view it as fair.<br>Fougere et al. 2010,increases,<p>increases<br>Survey respondents who identify with the party in control of their state government are more likely to approve of their redistricting process and view it as fair.<br>Fougere et al. 2010</p>,#81a275,1
redistricting commission,support for redistricting process,increases,NA,Survey respondents living in states with partisan control over the redistricting process were less likely to view the process as fair.,Fougere et al. 2010,Fougere et al. 2010,1,1,increases<br>Survey respondents living in states with partisan control over the redistricting process were less likely to view the process as fair.<br>Fougere et al. 2010,increases,<p>increases<br>Survey respondents living in states with partisan control over the redistricting process were less likely to view the process as fair.<br>Fougere et al. 2010</p>,#81a275,1
efficiency gap,proportionality,NA,NA,"Warrington argues that the efficiency gap metric reduces to proportional representation, which is not a constitutional right. Therefore, the efficiency gap is not a useful metric for identifying unconstitutional gerrymanders.",Warrington 2018,NA,1,12,"<br>Warrington argues that the efficiency gap metric reduces to proportional representation, which is not a constitutional right. Therefore, the efficiency gap is not a useful metric for identifying unconstitutional gerrymanders.<br>Warrington 2018",NA,"<p><br>Warrington argues that the efficiency gap metric reduces to proportional representation, which is not a constitutional right. Therefore, the efficiency gap is not a useful metric for identifying unconstitutional gerrymanders.<br>Warrington 2018</p>",NA,1
change in constituency boundaries,issue salience,affects,NA,"Because we divide the electorate according to geography, local issues (issues of place) become more important than issues that are unrelated to place.",Gardner 2012,NA,1,1,"affects<br>Because we divide the electorate according to geography, local issues (issues of place) become more important than issues that are unrelated to place.<br>Gardner 2012",affects,"<p>affects<br>Because we divide the electorate according to geography, local issues (issues of place) become more important than issues that are unrelated to place.<br>Gardner 2012</p>",#617d9f,1
change in constituency boundaries,degree of political conflict,affects,NA,"Districts can be drawn such that the electorate within each district is homogeneous or heterogeneous (along some relevant political dimension). The more heterogeneous the district, the greater likelihood of political conflict.",Gardner 2012,NA,1,1,"affects<br>Districts can be drawn such that the electorate within each district is homogeneous or heterogeneous (along some relevant political dimension). The more heterogeneous the district, the greater likelihood of political conflict.<br>Gardner 2012",affects,"<p>affects<br>Districts can be drawn such that the electorate within each district is homogeneous or heterogeneous (along some relevant political dimension). The more heterogeneous the district, the greater likelihood of political conflict.<br>Gardner 2012</p>",#617d9f,1
partisan gerrymandering,majority representation,affects,NA,"Goedert 2014: The type of gerrymander (bipartisan, nonpartisan, partisan) can affect two aspects of representation: bias and responsiveness. Nagle 2019: Gerrymandering in Pennsylvania hinders responsiveness, so responsiveness ought to be its own redistricting criteria.",Goedert 2014; Nagle 2019,NA,2,8,"affects<br>Goedert 2014: The type of gerrymander (bipartisan, nonpartisan, partisan) can affect two aspects of representation: bias and responsiveness. Nagle 2019: Gerrymandering in Pennsylvania hinders responsiveness, so responsiveness ought to be its own redistricting criteria.<br>Goedert 2014; Nagle 2019",affects,"<p>affects<br>Goedert 2014: The type of gerrymander (bipartisan, nonpartisan, partisan) can affect two aspects of representation: bias and responsiveness. Nagle 2019: Gerrymandering in Pennsylvania hinders responsiveness, so responsiveness ought to be its own redistricting criteria.<br>Goedert 2014; Nagle 2019</p>",#617d9f,2
detect gerrymandering,inequality of opportunity vs outcome,NA,NA,Wang et al. 2018,Wang et al. 2018,NA,1,3,<br>Wang et al. 2018<br>Wang et al. 2018,NA,<p><br>Wang et al. 2018<br>Wang et al. 2018</p>,NA,1
change in constituency boundaries,electorate composition change,increases,NA,"Changing the boundaries of a district will necessarily cange who is in the district, but the reverse is not necessarily true. A electorate can change without the district boundaries changing.",Bertelli & Carson 2011; Hood & McKee 2013; Ansolabehere & Snyder 2012,NA,3,4,"increases<br>Changing the boundaries of a district will necessarily cange who is in the district, but the reverse is not necessarily true. A electorate can change without the district boundaries changing.<br>Bertelli & Carson 2011; Hood & McKee 2013; Ansolabehere & Snyder 2012",increases,"<p>increases<br>Changing the boundaries of a district will necessarily cange who is in the district, but the reverse is not necessarily true. A electorate can change without the district boundaries changing.<br>Bertelli & Carson 2011; Hood & McKee 2013; Ansolabehere & Snyder 2012</p>",#81a275,3
